Echorouk	https://www.echoroukonline.com/	Leading Arabic-language newspaper based in Kouba, Algiers.
El Khabar	https://www.elkhabar.com/	One of the most widely circulated Algerian newspapers.
Liberte	https://www.liberte-algerie.com/	Newspaper published in French-language and covering economy, culture, inside Algeria news, history, and more.
El Moudjahid	https://www.elmoudjahid.com/	One of the French-language newspapers in Algeria owned by Algerian Government.
El Massa	https://www.el-massa.com/	
El Heddaf	https://www.elheddaf.com/	Algerian sports newspaper devoted to football.
Ennahar El Djadid	https://www.ennaharonline.com/	
Ech Chaab	http://www.ech-chaab.com/	Daily newspaper based in Algiers.
Akher Saâ	https://www.akhersaa-dz.com/	
Le Matin DZ	https://www.lematindz.net/	
L'Expression	https://www.lexpressiondz.com/	
Annasr	https://www.annasronline.com/	
El Djournhouria	https://www.eldjoumhouria.dz/	
La Depéche de Kabylie	https://www.depechedekabylie.com/	
Le Jour d'Algerie	https://lejourdalgerie.com/	
Le Quotidien d'Oran	http://www.lequotidien-oran.com/	
TSA	https://www.tsa-algerie.com/ar/	
‎Djelfa.info	https://djelfainfo.dz/ar/	
Observ Algerie	https://observalgerie.com/	
Algerie Patriotique	https://www.algeriepatriotique.com/	
Djazairess.com	https://www.djazairess.com/	
Algerie Part Plus	https://www.algeriepart.com/	
Algerie360.com‎	https://www.algerie360.com/	
‎Le Matin d'Algerie	https://lematindalgerie.com/	
Le Soir d'Algerie	https://www.lesoirdalgerie.com/	
Transaction D'Algerie	https://transactiondalgerie.com/	
El Bilad	https://www.elbilad.net/	
L'automarché	http://lautomarche.com/	
Akhbar el Youm	https://www.akhbarelyoum.dz/ar/index.php	
Al seyassi	https://www.alseyassi-dz.com/ara/index.php	
Algerian TV	https://www.entv.dz/	
Radioalgerie.dz	https://www.radioalgerie.dz/	
El Watani	http://elwatani.com/	
Algerie-Focus.com	https://www.algerie-focus.com/	
Algerie Eco	https://www.algerie-eco.com/	
Algerie 1	https://www.algerie1.com/	
Al Jazair Al Youm 	https://www.aljazairalyoum.dz/	
Dzayerinfo	https://dzayerinfo.com/	
‎Algerie-dz.com	https://www.algerie-dz.com/	
Ouest Tribune	http://www.ouestribune-dz.com/	
‎El Hiwar El Jazairia	https://elhiwar.dz/	
Al Jazair 24	http://aljazair24.com/	
Reflexion	https://www.reflexiondz.net/	
Algerie Maintenant	https://www.algeriemaintenant.com/	
DIA Dernieres Infos d'Algerie	https://dia-algerie.com/	
Assawt‎	https://www.assawt.net/	
Horizons	https://www.horizons.dz/	
elwassat.com	https://elwassat.dz/	
Alger Républicain	http://www.alger-republicain.com/	
El Mihwar	http://elmihwar.com/ar/	
Le Quotidien d'Oran	http://www.lequotidien-oran.com/	
North Africa Journal	https://north-africa.com/	Based in MA, USA
