Jornal de Angola	https://www.jornaldeangola.ao/ao/	Government-owned daily newspaper published in Angola.
Folha 8	https://jornalf8.net/	
Novo Jornal	https://novojornal.co.ao/	
O Pais	https://opais.co.ao/	
Correio da Kianda	https://correiokianda.info/	
Maka Angola	https://www.makaangola.org/en/	
Angola24Horas.com	https://angola24horas.com/	
Platinaline	https://platinaline.com/	
Portal de Angola‎	https://www.portaldeangola.com/	
Expansao	https://www.expansao.co.ao/	
Ver Angola‎	https://www.verangola.net/va/	
AngoNoticias	https://www.angonoticias.com/	Portuguese-language news portal.
Angola Online‎	https://angola-online.net/	
‎Mercado	https://mercado.co.ao/	
Nova Gazeta	https://www.novagazeta.co.ao/	
Voz de Angola‎	https://www.vozdeangola.com/	
‎ Noticias de Angola	https://noticiasdeangola.co.ao/	
Central Angola 7311‎	https://centralangola7311.net/	
Angola Press (ANGOP)	https://www.angop.ao/	State-run, was founded in 1975.
Televisao Popular de Angola (TPA)	https://www.tpa.ao/ao/	
Club-K 	https://www.club-k.net/	
BBC News - Angola	https://www.bbc.com/news/world-africa-13036732	Providing news, politics, history, economy, population, facts, weather, and more.
ReliefWeb - Angola	https://reliefweb.int/country/ago	
Jeune Afrique - Angola	https://www.jeuneafrique.com/pays/angola/	
All Africa: Angola	https://allafrica.com/angola/	
Wikipedia - Angola	https://en.wikipedia.org/wiki/Angola	Provides information on politics, history, religion, weather, population, foreign relations, economy, environment, geography, culture, government, and human rights.
