La Nation	https://lanation.bj/	Contains articles about health, culture, economy, education, environment, sports, and more.
La Nouvelle Tribune	https://lanouvelletribune.info/	
Quotidien Le Matin	http://www.quotidienlematin.net/	One of the most widely circulated Benin newspapers. The newspaper covering politics, sports, company, arts and entertainments, international, weather, football, and opinion.
L'Evenement Precis	https://levenementprecis.com/	
24 Heures au Benin‎	https://www.24haubenin.info/	
A Cotonou	http://www.acotonou.com/	
Les Pharaons	https://www.lespharaons.com/	
Visages du Benin	https://visages-du-benin.com/	
Benin Site‎	http://beninsite.net/	
‎L'Integration	http://www.l-integration.com/	
Matin Libre‎	https://matinlibre.com/	
‎Benin Info	https://benininfo.com/	
Fraternite	https://www.fraternitebj.info/	
BBC Country Profile- Benin	https://www.bbc.com/news/world-africa-13037572	
AllAfrica.com - Benin	https://allafrica.com/benin/	
Wikipedia - Benin	https://en.wikipedia.org/wiki/Benin	
Government of Benin (Gouvernement du Bénin)	https://www.gouv.bj/	
