Botswana Guardian and Midweek Sun	https://guardiansun.co.bw/	
Mmegi	https://www.mmegi.bw/	Botswana's English-language newspaper. The newspaper published by Dikgang Publishing House. The Mmegi contains articles about business, art and culture, sports, and more.
Voice	https://thevoicebw.com/	One of the most widely circulated newspapers in Botswana.
Daily News	https://dailynews.gov.bw/	
Patriot on Sunday	https://thepatriot.co.bw/	The newspaper brings latest news and top breaking headlines on politics and current affairs, business, sports, lifestyle and opinions from leading columnists.
Sunday Standard	https://www.sundaystandard.info/	
Weekend Post	https://www.weekendpost.co.bw/	
Botswana Unplugged‎	https://botswanaunplugged.com/	
Kutlwano Magazine	https://kutlwano.gov.bw/	
Botswana Online Magazine (Facebook page)	https://www.facebook.com/botsmag/	
BBC News: Botswana	https://www.bbc.com/news/world-africa-13040376	
allAfrica.com: Botswana	https://allafrica.com/botswana/	
