L'Observateur Paalga	https://www.lobservateur.bf/	Leading daily newspaper published in Burkina Faso. The newspaper provides latest news and information on arts & culture, movies, politics, education, religion, and classifieds.
Le Pays	https://lepays.bf/	One of the French-language newspapers in Burkina Faso. Featuring politics, health, sports, entertainment, business, and more.
Sidwaya	https://www.sidwaya.info/	Covering national policy, society & culture, economy & development, sports, and more.
Le Faso	https://lefaso.net/	
Burkina 24	https://burkina24.com/	
L'Economiste du Faso	https://www.leconomistedufaso.com/	
‎Faso Actu	https://faso-actu.net/	
Aujourd'hui au Faso	https://www.aujourd8.net/	
‎L'Express du Faso	https://www.lexpressdufaso-bf.com/	
Les Affaires‎	https://lesaffairesbf.com/	
L'Evenement	https://www.evenement-bf.net/	
Radiodiffusion Television du Burkina	https://www.rtb.bf/	
FasoZine.com	http://www.fasozine.com/	
Faso Presse	https://fasopresse.net/	
Le Reporter	https://www.reporterbf.net/	
Burkina Info	https://burkinainfo.com/	
AIB Burkina	https://www.aib.media/	
‎A Ouaga	http://www.aouaga.com/	
BBC News: Burkina Faso	https://www.bbc.com/news/world-africa-13072774	
All Africa: Burkina Faso	https://allafrica.com/burkinafaso/	
