Iwacu	https://www.iwacu-burundi.org/	Online newspaper published content in English and French.
Radio Isanganiro	https://isanganiro.org/	
Net Press	http://www.netpress.bi/	
Burundi Africa Generation	https://burundi-agnews.org/	
Yaga Burundi‎	https://www.yaga-burundi.com/	
ARIB	http://www.arib.info/	
‎Burundi Forum	https://www.burundi-forum.org/	
Burundi Information	https://www.burundi-information.net/index.html	
Burundi 24	https://burundi24.wordpress.com/	
Itara Burundi	https://itaraburundi.com/	
BBC News - Burundi country profile	https://www.bbc.com/news/world-africa-13085064	
Burundi - Wikipedia	https://en.wikipedia.org/wiki/Burundi	
allAfrica.com: Burundi News	https://allafrica.com/burundi/	
Jeune Afrique - Burundi	https://www.jeuneafrique.com/pays/burundi/	
