Journal du Cameroun	https://www.journalducameroun.com/	
Cameroon Info Net	https://www.cameroon-info.net/	
Camer.be	https://camer.be/	
‎Le Bled Parle	https://www.lebledparle.com/	
Actu Cameroun	https://actucameroun.com/	
Cam Foot	https://www.camfoot.com/	
Cameroon Radio Television	https://www.crtv.cm/	
237 Actu	https://237actu.com/	
237 Online‎	https://www.237online.com/	
Canal 2	http://www.canal2international.net/	
Agence Cameroun Presse	https://agencepressecamertest.com/	
‎Cameroon Voice	https://cameroonvoice.com/	
cameroun24.net	https://www.cameroun24.net/	
cameroononline.org	https://www.cameroononline.org/	
La Voix du Paysan	https://www.lavoixdupaysan.net/	
Bonaberi‎	https://www.bonaberi.com/	
Radio Balafon	https://radiobalafon.net/	
Le Quatrieme Pouvoir	https://lequatriemepouvoir.com/	
News du Camer	https://www.newsducamer.com/	
Cameroon Post	https://cameroonpostline.com/	English language news source from Buea, Sud Ouest.
Cameroon Report	https://cameroon-report.com/	
Cameroon Business Today‎	https://www.cameroonbusinesstoday.cm/	
Yaounde Info	http://yaoundeinfo.com/	
‎Solowayne	https://solowayne.com/	
Cameroon News Agency	https://cameroonnewsagency.com/	
‎Cameroon Concord News	https://www.cameroonconcordnews.com/	
Cameroun Link	https://www.camerounlink.com/	
Germinal	https://germinalnewspaper.com/	
Cameroon News Online	https://www.cameroonnewsline.com/	
L'Attaquant	https://www.lattaquant.com/	
