A Semana	https://www.asemana.publ.cv/	One of the leading Portuguese-language newspapers published in Cape Verde. The newspaper covering sports, polilics, economy, jobs, business, and more.
Expresso das Ilhas	https://expressodasilhas.cv/	Newspaper contains articles about politics, economy, sports, and more.
A Nacao	https://www.anacao.cv/	
Inforpress	https://inforpress.cv/	
Radiotelevisão Caboverdiana	https://www.rtc.cv/	
Terra Nova‎	https://terranova.cv/	
‎criolosports.com	https://www.criolosports.com/	
Noticias do Norte	https://noticiasdonorte.publ.cv/	
Brava News	https://www.brava.news/en	
Criolo Sports	http://sportsmidia.cv/	
Fogo	http://www.fogo.cv/	
BBC News - Cape Verde profile	https://www.bbc.com/news/world-africa-13148486	
Cape Verde - Wikipedia	https://en.wikipedia.org/wiki/Cape_Verde	
Cape Verde - Jeune Afrique	https://www.jeuneafrique.com/pays/cap-vert/	
