Centrafrique-presse.info	https://www.centrafrique-presse.info/	
Sango Net	http://www.sangonet.com/afriqg/PAFF/Dic/actuC/newsCARind.html	
Journal de Bangui	https://www.journaldebangui.com/	
Radio Ndeke Luka	https://www.radiondekeluka.org/	
Centrafrique Le Defi‎	https://www.centrafriqueledefi.com/	
Centrafrique Info	http://www.centrafrique.info/	
Jeune Afrique	https://www.jeuneafrique.com/pays/centrafrique/	
Central African Republic - Wikipedia	https://en.wikipedia.org/wiki/Central_African_Republic	
BBC News - Central African Republic	https://www.bbc.com/news/world-africa-13150040	
All Africa - Central African Republic	https://allafrica.com/centralafricanrepublic/	
