Al Wihda	https://www.alwihdainfo.com/	
Journal du Tchad	https://www.journaldutchad.com/	French-language new site.
Tchad Actuel	http://www.tchadactuel.com/	News and information site on Chad.
Tchad Infos	https://tchadinfos.com/	Chadian news portal providing local and internationl news coverage.
Tchad Anthropus	https://www.letchadanthropus-tribune.com/	
‎Le Pays	http://www.lepaystchad.com/	
‎Zoom Tchad	http://zoomtchad.com/	
ReliefWeb » Chad	https://reliefweb.int/country/tcd	
Actualité de l'Afrique	https://www.jeuneafrique.com/pays/tchad/	
BBC - Country profile: Chad	https://www.bbc.com/news/world-africa-13164686	
