Al Watwan	https://www.alwatwan.net/	One of a few French newspapers in Comoros. The newspaper covering local, national, and world news on sports, arts & culture, economy, politics, opinion, and more.
Habari Za Comores	https://www.habarizacomores.com/	
‎Le Mohelien	http://lemohelien.com/	
La Gazette des Comores	https://lagazettedescomores.com/	
Comores Infos	https://www.comoresinfos.net/	
Comoros - BBC country profile	https://www.bbc.com/news/world-africa-13229685	
Comoros - Wikipedia	https://en.wikipedia.org/wiki/Comoros	
