‎Actualite	https://actualite.cd/	
Agp Agence Congolaise de Presse	https://acpcongo.com/	
‎Desk Eco	https://deskeco.com/	
La Prosperite	https://laprosperiteonline.net/	Featuring latest sports, business, entertainment, and politics.
Radio Okapi	https://www.radiookapi.net/	
‎Forum des As	https://www.forumdesas.org/	
Foot RDC	https://footrdc.com/	
Congo Synthese	https://congosynthese.com/	
Le Phare	https://lephareonline.net/	Providing latest news on sports, business, politics, health, entertainments, science, and more.
Voice of Congo	http://voiceofcongo.net/	
CAS Info	https://cas-info.ca/	
mediacongo.net	https://www.mediacongo.net/	
Congo Profond	https://congoprofond.net/	
‎Congo Independant	http://www.congoindependant.com/	
Congo Planet	https://www.congoplanet.com/	Online resources featuring latest multimedia technologies about the Congo.
Le Soft	https://www.lesoftonline.net/	
