La Nation	https://www.lanation.dj/	One of the most widely read French-language newspapers published in Djibouti. The newspaper featuring local, national, and world news on sports, jobs, arts & culture, economy, politics, and travel.
La Prosperite	https://laprosperiteonline.net/	Featuring sports, business, entertainment, and more.
La Voix de Djibouti	https://lavoixdedjibouti.info/	
Al Qarn	https://www.alqarn.dj/	
Djib Net	http://www.djibnet.com/	
Agence Djiboutienne d'Information	http://www.adi.dj/	
BBC News - Djibouti	https://www.bbc.com/news/world-africa-13231761	News and analysis on current events, environment, business, economy, and sports.
ReliefWeb Djibouti	https://reliefweb.int/country/dji	
