Al-Ahram	https://gate.ahram.org.eg/	One of the most widely read Egyptian newspapers in Arabic-language.
Akhbar El Yom	https://akhbarelyom.com/	Arabic-language newspaper published on Sundays.
Al-Masry Al-Youm	https://www.almasryalyoum.com/	
Al Dostor	https://www.dostor.org/	
Youm7	https://www.youm7.com/	
Albawaba	https://www.albawabhnews.com/	
Al Wafd	https://alwafd.news/	
Veto	https://www.vetogate.com/	
El Watan	https://www.elwatannews.com/	
El Fagr	https://www.elfagr.org/	Egyptian weekly broadsheet newspaper.
Al Gomhuria	https://www.gomhuriaonline.com/	Arabic-language daily newspaper published in Cairo.
Masr Alarabia	https://masralarabia.net/	
Shorouk	https://www.shorouknews.com/	
Al-Ahram (English Edition)	https://english.ahram.org.eg/	
El Mogaz	https://www.elmogaz.com/	
Ahl Masr	https://ahlmasrnews.com/	
Fil Goal‎	https://www.filgoal.com/	
Rabi 21	https://www.arabi21.com/	
Al Zaman	https://www.elzmannews.com/	
El Balad	https://www.elbalad.news/	
dotmsr.com	https://www.dotmsr.com/	
ngmisr.com	https://www.ngmisr.com	
ArabNet5	https://www.arabnet5.com/	
Rassd news	https://rassd.com/	
‎Al Hilal Al Youm	https://www.darelhilal.com/	
Masrawy	https://www.masrawy.com/	
Propaganda	https://propaganda-eg.com/	
Masress‎	https://www.masress.com/	
‎Almogaz.com	http://www.almogaz.com/	
Sharkia Today	https://sharkiatoday.com/	
Watani	https://www.wataninet.com/	
Washwasha.org‎	http://www.washwasha.org/	
Koorabia	https://tv.koorabia.com/	
Misr Day	https://www.masralyoum.net/	
El Mawke 3‎	https://www.elmawke3.com/	
Akhbarak	https://akhbarak.net/	
Alaraby.co.uk	https://www.alaraby.co.uk/	
Al Masdar	https://www.almasdar.com/	
Sabah Arabi	https://www.sabaharabi.com/	
Mobtada‎	https://www.mobtada.com/	
Almesryoon‎	https://almesryoon.com/	
FJ Portal	https://fj-p.com/	
misr5.com	https://misr5.com/	
Akhbarway.com	https://www.akhbarway.com/	
Al Ahram	https://gate.ahram.org.eg/	
Al Mal	https://almalnews.com/	
Alnahar Egypt	https://www.alnaharegypt.com/	
Kooora	https://www.kooora.com/	
El Ahly	https://www.el-ahly.com/	
Ismaily Online	https://www.ismailyonline.com/	
Stad El Ahly	https://stadelahly.net/	
El Bashayer	https://elbashayer.com/	
Egyptian Radio and Television Union	https://www.maspero.eg/	
Nile Television Network	https://www.niletc.tv/	
Ikhwan Online	https://www.ikhwanonline.com/	
akhbarelyawm.com	https://www.akhbarelyawm.com/	
AlwatanPost	https://www.alwatanpost.net/	
‎El Aosboa	https://www.elaosboa.com/	
‎Qaliubiya	https://www.qaliubiya.com/	
Al Ahaly	http://alahalygate.com/	
‎Sout Al Malaien	http://www.soutalmalaien.com/	
el-yom.com	https://el-yom.com/	
mkegypt.net/	https://mkegypt.net/	
fath-news.com	https://fath-news.com/	
amwalalghad.com	https://amwalalghad.com/	
soutalomma.com	https://www.soutalomma.com/	
madamasr.com	https://www.madamasr.com/	
Egyptian Streets	https://egyptianstreets.com/	
MogazMasr	https://www.mogazmasr.com/	
Egypt Today	https://www.egypt-today.com/	
Egypt State Information Service	https://www.sis.gov.eg/	
Daily News Egypt	https://dailynewsegypt.com/	Daily English-language newspaper published in Giza, Egypt. The newspaper owned by Egyptian Media Services.
Egypt Independent	https://www.egyptindependent.com/	Sister publication of daily Al-Masry Al-Youm.
Le Petit Journal	https://lepetitjournal.com/le-caire	
Middle East News Agency (MENA)	https://www.mena.org.eg/	State run news agency.
