Diario Rombe	https://diariorombe.es/	
Guinea Ecuatorial	https://www.guinea-ecuatorial.net/	
‎Asodegue Segunda Etapa	http://www.asodeguesegundaetapa.org/	
‎Guinea Info Market	https://www.guineainfomarket.com/	
El Confidencial de Guinea Ecuatorial	https://geconfidencial.blogspot.com/	
El Diario de Malabo	https://www.eldiariodemalabo.com/	
ReliefWeb Equatorial Guinea	https://reliefweb.int/country/gnq	Covering agriculture, education, health, human rights, and more.
BBC News - Equatorial Guinea	https://www.bbc.com/news/world-africa-13317174	Featuring sports, business, politics, and more.
Wikipedia - Equatorial Guinea	https://en.wikipedia.org/wiki/Equatorial_Guinea	Information on politics, economy, education, travel, and sports (football, swimming).
Jeune Afrique	https://www.jeuneafrique.com/pays/guinee-equatoriale/	
