Awate.com	https://awate.com/	
Eritrea Daily	https://www.eritreadaily.net/	
Meskerem	http://www.meskerem.net/	
Tesfa News	https://tesfanews.net/	
ZENA‎	https://zenazajel.net/	
Farajat	https://www.farajat.net/ar/	
Jeberti	http://www.jeberti.com/	
Madote	http://www.madote.com/	
ASENA TV	https://asenatv.com/	
Eritrean Ministry of Information	https://shabait.com/	
Raimoq‎	http://raimoq.com/	
Adoulis‎	https://adoulis.net/	
Asmarino Independent	https://www.asmarino.com/	
Dehai	http://dehai.org/	
BBC News - Eritrea	https://www.bbc.com/news/world-africa-13349078	Featuring news, sports, facts, weather, and more.
Wikipedia - Eritrea	https://en.wikipedia.org/wiki/Eritrea	Includes in-depth information about history, geography, politics, foreign relations, national elections, economy, religion, languages, education, transportation, air travel, communications, and sports.
Jeune Afrique	https://www.jeuneafrique.com/pays/erythree/	
