Ethiopian Reporter	https://www.ethiopianreporter.com/	Independent newspaper published in English and Amharic.
Capital	https://www.capitalethiopia.com/	English-language weekly business newspaper in Ethiopia.
Addis Admass	http://www.addisadmassnews.com/	
Mereja	https://mereja.com/index/	
Aiga Forum	http://www.aigaforum.com/	
New Business Ethiopia	https://newbusinessethiopia.com/	
Addis Fortune	https://addisfortune.news/	Weekly English-language newspaper published in Ethiopia.
Ethiopia Zare	https://ethiopiazare.com/	
Ethiopian Reporter - English edition	https://www.thereporterethiopia.com/	
Tadias	http://www.tadias.com/	
‎Ethiopia Nege	https://ethiopianege.com/	
Ethiopian Observer	https://ethioobserver.net/	News and information source for Ethiopian communities around the world.
Zehabesha	https://zehabesha.com/	
Ezega News	https://www.ezega.com/News/am/	
Ethio Sports‎	https://www.ethiosports.com/	
Debteraw	http://www.debteraw.com/	
Maleda Times	https://www.maledatimes.com/	
Ethiopia Forums	https://ethiopiaforums.com/	
Tigrai Online	https://www.tigraionline.com/	
Google News - Ethiopia	https://news.google.com/home?hl=en-ET&gl=ET&ceid=ET:en	
