L'Union	https://www.union.sonapresse.com/	One of the top French-language newspapers published in Gabon. The newspaper covering local, national, and international news on politics, as well as coverage of sports, business, and entertainment.
Gabo News	https://www.gabonews.com/	
Gabon Actu	https://gabonactu.com/	
Gabon Media Time‎	https://www.gabonmediatime.com/	
Info 241	https://info241.com/	
‎A Libreville	http://www.alibreville.com/	
Gabon Eco	https://gaboneco.com/	
Gabon Review	http://www.gabonreview.com/	
Direct Infos	https://directinfosgabon.com/	
‎Infos Gabon	https://fr.infosgabon.com/	
Infos Plus Gabon	https://www.infosplusgabon.com/	
Agence Gabonaise de Presse (AGP)	https://agpgabon.ga/	
Journal du Gabon	https://www.journaldugabon.com/	
Sport 241‎	http://sport241.com/	
