Foroyaa	https://foroyaa.net/	Newspaper based in Serrekunda, Gambia. Providing latest news on politics, human rights, culture, education, and business.
Point	https://thepoint.gm/	Daily newspaper based in Bakau, Gambia. Founded in 1995 The Point Start publishing. The newspaper covering national issues on politics, economics, business, and sports.
Standard	https://standard.gm/	
‎All Gambia News	https://www.allgambianews.com/	
Gainako News	https://gainako.com/	
Fatu Network	https://www.fatunetwork.net/	
Kaironews Gambia	http://www.kaironews.com/	
‎Gambia Today	https://gambia-today.com/	
Elegance magazine	https://elegance.gm/	
‎What's On Gambia	http://whatson-gambia.com/	
