Daily Graphic	https://www.graphic.com.gh/	Daily newspaper based in Accra, Ghana. The newspaper published since 1950.
Daily Guide	https://dailyguidenetwork.com/	Daily newspaper published in Accra, Ghana.
YEN	https://yen.com.gh/	
Herald	https://theheraldghana.com/	
Ghana Page	https://www.ghpage.com/	
Ghana Soccer Net	https://ghanasoccernet.com/	
Pulse‎	https://www.pulse.com.gh/	
Modern Ghana	https://www.modernghana.com/	
Business & Financial Times	https://thebftonline.com/	
Ghanaian Broadcasting Corporation (GBC)	https://www.gbcghana.com/	
GH Base	https://www.ghbase.com/	
Ghana web	https://www.ghanaweb.com/	
Citi Newsroom	https://citinewsroom.com/	
Finder	https://www.thefinderonline.com/	
Business Ghana	https://www.businessghana.com/	
News Ghana	https://newsghana.com.gh/	
‎GH Headlines	http://ghheadlines.com/	
Chronicle	https://thechronicle.com.gh/	
Today	https://www.todaygh.com/	
‎Ghana News Page	https://ghananewspage.com/	
Ghana Man Sports	https://ghanamansports.com/	
Peace FM	https://www.peacefmonline.com/	
‎Ghana Star	https://www.ghanastar.com/	
 Report Ghana News	http://www.reportghananews.com/	
‎Ghana 360 News	http://ghana360news.com/	
3 News	https://3news.com/	
Ghana News Agency (GNA)	https://gna.org.gh/	
