O Democrata‎	https://www.odemocratagb.com/	
Rispito	http://www.rispito.com/	
Bambaram di Padida	https://bambaramdipadida.blogspot.com/	
‎Conosaba	http://conosaba.blogspot.com/	
Ditadura e Concenso	https://ditaduraeconsenso.blogspot.com/	
Doka Internacional O Denunciante	https://dokainternacionaldenunciante.blogspot.com/	
Fala de Papgaio	https://faladepapagaio.blogspot.com/	
‎Guinendade	https://guineendade.blogspot.com/	
Notabanca	https://notabanca.blogspot.com/	
Le Jour	https://www.lejourguinee.com/	One of a few French-language newspapers published in Guinea Bissau. The newspaper covering economy, culture, politics, sports, and classifieds.
BBC News - Guinea Bissau	https://www.bbc.com/news/world-africa-13443186	Featuring latest news, politics, history, economy, weather, and more.
Wikipedia - Guinea Bissau	https://en.wikipedia.org/wiki/Guinea-Bissau	Information on history, politics, economy, and culture.
