Guinee News	https://guineenews.org/	
Africa Guinee	https://www.africaguinee.com/	
Aminata	https://aminata.com/	
‎Guinee Matin	https://guineematin.com/	
Media Guinee	https://mediaguinee.org/	
‎Foot 224	https://www.foot224.co/	
Gnakry Live	https://www.gnakrylive.com/	
‎Actu Guinea	https://actuguinee.org/	
Guinee 360	https://www.guinee360.com/	
‎Guinee Footv	https://guineefoot.info/	
Guinee 24	http://www.guinee24.com/	
Kaba Bachir‎	http://www.kababachir.com/	
Guinee 7	https://www.guinee7.com/	
Guinee Live‎	https://guineelive.com/	
Kaloum Presse‎	https://kaloumpresse.com/	
Conakry Infos	https://conakryinfos.com/	
Afri News‎	https://afrinews.org/	
Le Lynx	https://www.lelynx.net/	
BBC News - Guinea	https://www.bbc.com/news/world-africa-13442051	Featuring politics, history, economy, international, facts, and weather.
