Fraternité Matin	https://www.fratmat.info/	One of the largest French-language newspapers published in Ivory Coast. The newspaper providing latest news and information about economy, research, culture, interview, company, foreign press, politics, sports, and classifieds.
Gbich	https://gbich.net/	
Abidjan.net	https://abidjan.net/	
linfodrome.com	https://www.linfodrome.com/	
Top Visages	https://topvisages.net/	
Agence Ivoirienne de Presse	https://www.aip.ci/	National news agancy.
BBC News - Ivory Coast	https://www.bbc.com/news/world-africa-13287216	Featuring latest news, politics, history, economy, facts, and weather.
Wikipedia - Ivory Coast	https://en.wikipedia.org/wiki/Ivory_coast	Information on politics, geography, economy, environment, religion, demographics, culture, government, history, and population.
Jeune Afrique : Ivory Coast	https://www.jeuneafrique.com/pays/cote-divoire/	
