Daily Nation	https://nation.africa/kenya	One of the most widely read newspapers in Kenya.
Standard	https://www.standardmedia.co.ke/	Newspaper published by Standard Group Limited.
Tuko	https://www.tuko.co.ke/	
‎Ghafla	https://www.ghafla.com/ke/	
Mpasho‎	https://mpasho.co.ke/	
Pulse	https://www.pulselive.co.ke/	
Business Daily	https://www.businessdailyafrica.com/	
Daily Post	https://kenyan-post.com/	
The Star	https://www.the-star.co.ke/	
News 24	https://www.news24.com/tags/places/kenya	
Kenya Today	https://www.kenya-today.com/	Updated from Rotterdam, Netherlands and Nairobi.
Capital FM	https://www.capitalfm.co.ke/	
Nairobi Wire	https://nairobiwire.com/	
Business Today	https://businesstoday.co.ke/	
Kenyan News	https://kenyannews.co.ke/	
Citizen TV	https://www.citizen.digital/	
The EastAfrican	https://www.theeastafrican.co.ke/	Weekly newspaper published in Kenya. The newspaper also distributed in Tanzania, Uganda and Rwanda.
Kenya News Agency	https://www.kenyanews.go.ke/	State-owned news agency.
‎Mwakilishi.com	https://www.mwakilishi.com/	
‎Nairobi News	https://nairobinews.nation.africa/	
Taifa Leo‎	https://taifaleo.nation.co.ke/	
Breaking Kenya News	https://www.breakingkenyanews.com/	
Kenya Broadcasting Corporation (KBC)	https://www.kbc.co.ke/	State-owned Broadcasting Corporation.
BBC Country Profile: Kenya	https://www.bbc.com/news/world-africa-13681341	Featuring latest news, politics, history, economy, population, facts, weather, and more.
