Sunday Express	https://sundayexpress.co.ls/	
The Post	https://www.thepost.co.ls/	
Lesotho Times	https://lestimes.com/	
Informative	https://informativenews.co.ls/	Leading weekly newspaper published in Lesotho. The newspaper providing latest news on sports, business, jobs, politics, and more.
Public Eye	https://publiceyenews.com/	
Wikipedia - Lesotho	https://en.wikipedia.org/wiki/Lesotho	Information on politics, economy, culture, travel, and more.
BBC News - Lesotho	https://www.bbc.com/news/world-africa-13728324	Featuring politics, economy, sports, and more.
Jeune Afrique	https://www.jeuneafrique.com/pays/lesotho/	
