Liberian Observer	https://www.liberianobserver.com/	One of the oldest Liberian newspapers. The newspaper published in English-language.
Executive Mansion	https://www.emansion.gov.lr/	
New Dawn	https://thenewdawnliberia.com/	
Bush Chicken	https://bushchicken.com/	
Plus Liberia‎	https://plusliberia.com/	
FrontPageAfricaonline	https://frontpageafricaonline.com/	
GNN Liberia	https://gnnliberia.com/	
Monrovia Times	https://themonroviatimes.com/	
Smart News Liberia	https://smartnewsliberia.com/	
Gossip Liberia‎	https://gossipliberia.com/	
‎Liberian Dialogue	https://theliberiandialogue.org/	
theperspective.org	https://www.theperspective.org/	
