Libya Akhbar	https://www.libyaakhbar.com/	
Afrigate News	https://www.afrigatenews.net/	
Al Marsad	https://almarsad.co/	
‎New Libya	http://www.newlibya.net/	
akhbarlibya24.net	https://akhbarlibya24.net/	
Libya Herald	https://www.libyaherald.com/	
Libya Observer	https://libyaobserver.ly/	
Youth	https://www.youth.ly/	
Al-musallh	http://www.almusallh.ly/	
Al Ayam	http://www.alayam-ly.com/	
Libyan Express	https://www.libyanexpress.com/	
Libya Business News	https://libya-businessnews.com/	
February	https://febp.ly/	
Ean Libya	https://www.eanlibya.com/	
Al-Wasat	http://alwasat.ly/	
Libya's Channel	https://libyaschannel.com/	
218tv.net	https://www.218tv.net/	
Libyan News Agency	https://lana.gov.ly/	State-owned news agency.
Al Mukhtar Al Arabi‎	https://www.almukhtaralarabi.com/	
Libya Monitor	https://www.libyamonitor.com/	
Libya Al Salam	http://libyaalsalam.net/	
Libya Prospect‎	https://libyaprospect.com/	
El Khabar	http://www.elkhabar.ly/	
Libya News	https://www.libya-news.com/	
