L'Express de Madagascar	https://lexpress.mg/	Daily newspaper published in French & Malagasy. The newspaper covering sports, business, jobs, entertainment, and more.
Madagascar Tribune	https://www.madagascar-tribune.com/	Daily newspaper based in Antananarivo, Madagascar. The newspaper includes articles about latest politics, economy, education, and tourism.
Midi Madigasikara	https://midi-madagasikara.mg/	Daily newspaper published in French, few pages of the newspaper published in Malagasy & English. Featuring health, sports, entertainment, business, and more.
Lakroa (Cross)	http://www.lakroa.mg/	
Newsmada	https://newsmada.com/	Daily news and analysis on politics, economy, weather, culture, and sports.
Moov	https://www.moov.mg/	
La Verite	https://laverite.mg/	
Orange	https://actu.orange.mg/	
‎La Gazette de la Grande Isle	http://www.lagazette-dgi.com/	One of a most widely read French-language newspapers based in Antananarivo, Madagascar. The newspaper featuring news and analysis on politics, jobs, travel, sports, entertainments, and jobs.
‎Madagate	https://www.madagate.org/	
‎L'Acutalite	https://www.lactualite.mg/	
‎La Tribune de Diego	https://latribune.cyber-diego.com/	
‎Ao Raha	https://aoraha.mg/	
Madagascar TV	https://matv.mg/	
‎Ny Valosoa Vaovao	http://www.gvalosoa.net/	
Mad Online	http://www.madonline.com/	
Info K Mada	http://www.infokmada.org/	
