Nation	https://mwnation.com/	Daily newspaper published by Nation Publications Limited (NPL). The newspaper based in Blantyre and published Monday through Friday.
Nyasa Times	https://www.nyasatimes.com/	Malawians news source, featuring latest on politics, economy, culture, education, tourism, and more.
Maravi Post	https://www.maravipost.com/	
Daily Times‎	https://times.mw/	
Biz Malawi Online	https://www.bizmalawionline.com/	
Capital FM	https://www.capitalradiomalawi.com/	
Face of Malawi	https://www.faceofmalawi.com/	
Malawi 24	https://malawi24.com/	
Malawi Voice	https://www.malawivoice.com/	
Maravi Express	https://www.maraviexpress.com/	
Business Malawi‎	https://www.businessmalawi.com/	
Malawi Freedom Networks	https://malawifreedomnetwork.com/	
Nyasa Post	http://nyasapost.com/	
Radio Maria	https://www.radiomaria.mw/	
Zodiak Broadcasting Station (ZBS)	https://www.zodiakmalawi.com/	
