L'Essor	https://lessor.ml/	One top the top selling French-language newspapers published in Mali. The newspaper provides latest news on jobs, travel, sports, economy, politics, and more.
Maliweb	https://www.maliweb.net/	
A Bamako	http://www.abamako.com/	
Mali Actu	https://maliactu.net/	
Malijet	https://malijet.com/	
‎Bamada	http://bamada.net/	
Studio Tamani	https://www.studiotamani.org/	
‎Koulouba	https://koulouba.com/	
Journal du Mali	https://www.journaldumali.com/	
Afribone‎	https://www.afribone.com/	
Mali Web	http://mali-web.org/	
‎Info Matin	https://www.info-matin.ml/	
‎Mali Zine	https://malizine.com/	
AMAP	https://amap.ml/	
Info Mali	https://info-mali.com/	
Nord Sud Journal	https://www.nordsudjournal.com/	
Mali Media	https://malimedia.net/	
L'Express du Mali	https://lexpressdumali.com/	
‎Mali Info	https://mali-info.net/	
