L'Express	https://lexpress.mu/	French-language newspaper published in Port Louis. L'Express is one of the most widely circulated newspapers in Mauritius.
Le Mauricien	http://www.lemauricien.com/	One of the top selling Mauritian newspapers in French-language. The newspaper was established in 1908. Le Mauricien published by Le Mauricien Ltd.
5-Plus Dimanche	https://www.5plus.mu/	Weekly French-language newspaper.
Le Défi Quotidien	https://defimedia.info/	
Maurice Info	https://www.maurice-info.mu/	
Sunday Times	https://sundaytimesmauritius.com/	
MBC	https://www.mbcradio.tv/	
Mauritius Times	http://www.mauritiustimes.com/	Weekly English-language newspaper published in Mauritius.
Zinfos Moris	https://www.zinfos-moris.com/	
Star	https://starpress.info/	
Radio One	https://www.r1.mu/	
ION News	https://ionnews.mu/	
L'Eco Austral	http://ecoaustral.com/	
Inside news	https://inside.news/	
Live Mega	https://live.mega.mu/	
Biz Wee	http://www.bizweek.mu/	
Republic of Mauritius - News	http://www.govmu.org/English/News/Pages/default.aspx	
