Le Calame	http://www.lecalame.info/	Weekly newspaper includes articles about sports, business, jobs, entertainment, real estate, neighborhoods, and more.
Sahara Medias	https://saharamedias.net/	
Al Akhbar	https://www.alakhbar.info/	
rimnow.com	https://rimnow.com/	
Es Sahraa‎	https://essahraa.net/	
‎Alwiam	https://www.alwiam.info/	
‎Rim Today	https://www.rimtoday.net/	
Atlas Info	https://www.atlasinfo.info/	
Taqadoum	https://taqadoum.mr/	
tawary.com	https://tawary.com/	
‎meyadin.net	https://meyadin.net/	
Mauri Actu‎	http://mauriactu.info/ar/	
souhoufi.com	http://souhoufi.com/	
essaha.net	https://essaha.net/	
‎elwatan.info	http://elwatan.info/	
‎mourassiloun.com	https://mourassiloun.com/	
Mauri Web‎	http://mauriweb.info/ar/	
Essirage	http://www.essirage.net/	
Cridem	https://cridem.org/	
Television de Mauritanie (TVM)	https://tvm.mr/fr/	
L'Authentique	http://www.lauthentic.info/	
El Hourriya	http://elhourriya.net/	
Alikhbari‎	https://alikhbari.net/	
Alkhabar‎	https://www.alkhabar.mr/	
Anbaa	http://anbaa.info/	
Kassataya	https://kassataya.com/	
anbaa.info	https://anbaatlas.com/	
Al-Mourabitoun TV	http://elmourabiton.tv/	
Radio Mauritanie	https://www.radiomauritanie.mr/	
Mauritanian News Agency (AMI)	https://www.ami.mr/	
Tahalil	https://www.journaltahalil.com/	
Mauri Media	https://www.maurimedia.net/	
