Le Matin du Sahara et du Maghreb (Le Matin)	https://lematin.ma/	Francophone Moroccan newspaper owned by media publishing company "Maroc Soir Group".
Assabah	https://assabah.ma/	Daily Arabic-language newspaper.
Al Maghribia	https://www.almaghribia.ma/	Arabic-language newspaper published in Morocco.
L'Économiste	https://www.leconomiste.com/	One of the most widely circulated French-language newspapers published in Morocco. 
La Nouvelle Tribune	https://lanouvelletribune.info/	Weekly French-Language newspaper published in Morocco.
La Vie Éco	https://www.lavieeco.com/	Moroccan independent business daily providing news and analysis of financial markets, industries, and more.
Aujourd'hui Le Maroc	https://aujourdhui.ma/	Daily Moroccan newspaper was founded 2001 by ALM Publishing. 
Le 360	https://ar.le360.ma/	
Akhbarona.com	https://www.akhbarona.com/	
‎Barlamane	https://www.barlamane.com/	
‎Tanja 24	https://tanja24.com/	
Rue20	https://rue20.com/	
‎Kech 24	https://kech24.com/	
Maroc Hebdo	https://www.maroc-hebdo.press.ma/	
Al Haraka	http://www.harakamp.ma/	
Ahdath Maghribiya	https://www.ahdath.info/	
Aljamaa	https://www.aljamaa.net/	
Cawalisse Alyoum	https://www.cawalisse.com/	
Hespress	https://www.hespress.com/	
Hiba Press	https://ar.hibapress.com/	
La Nouvelle Tribune	https://lnt.ma/	
Morocco Today	http://www.moroccotoday.com/	
Tanja 7	https://www.tanja7.com/	
Agora‎	https://www.agora.ma/	
Maghress.com	https://www.maghress.com/	
‎Casa Oui	https://casaoui.ma/	
Chtouka Press	https://www.chtoukapress.com/	
yabiladi.com	https://www.yabiladi.com/	
‎presstetouan.com	https://presstetouan.com/	
Tel Quel	https://telquel.ma/	
Libération	https://www.libe.ma/	
GOUD	https://www.goud.ma/	
Al Mountakhab	https://www.almountakhab.com/	
Menara	https://www.menara.ma/	
Nador City	https://www.nadorcity.com/	
‎Morocco World News	https://www.moroccoworldnews.com/	
‎Atlas Scoop	https://www.atlasscoop.com/	
Febrayer‎	https://www.febrayer.com/	
‎H24 Info	https://www.h24info.ma/	
Oujda City	https://www.oujdacity.net/	
Souss 24	https://souss24.com/	
Bladi	https://www.bladi.net/	
Zagora Press	https://www.zagorapress.com/	
Tanja News	https://tanjanews.com/	
Alyaoum 24	https://alyaoum24.com/	
Kifache	https://kifache.com/	
Agadir 24	https://agadir24.info/	
L'Opinion	https://www.lopinion.ma/	
El Jadida 24‎	http://www.eljadida24.com/ar/	
Al Ikhbaria	https://marrakech7.com/	
Chaab Press	http://www.chaabpress.com/	
Azilal 24	http://www.azilal24.com/	
Zagora News	https://zagoranews.com/	
Souss Plus‎	https://soussplus.com/	
Dalil Rif‎	https://dalil-rif.com/	
‎Article 19	https://article19.ma/ar/	
Le Maghreb	https://ar.lemaghreb.tn/	
Le Reporter	https://www.lereporter.ma/	
Anfas Press	https://anfaspress.com/	
Al Alam	https://www.alalam.ma/	
Medi 1	https://www.medi1.com/	
ALakhabar	https://www.alakhbar.press.ma/	
Bayane Alyaoume	http://bayanealyaoume.press.ma/	
Hit Radio	https://www.hitradio.ma/fr	
Med Radio	https://www.medradio.ma/	
Maghreb Arab Presse (MAP)	https://www.map.ma/	Moroccan news agency.
