Noticias	https://jornalnoticias.co.mz/	Leading Portuguese-language newspaper published in Mozambique. The newspaper providing latest news on politics, sports, jobs, weather, travel, entertainments, and more.
MMO	https://www.mmo.co.mz/	
Carta de Mocambique	https://cartamz.com/	
Verdade	https://verdade.co.mz/	
‎Club of Mozambique	https://clubofmozambique.com/	
Folha de Maputo	https://www.folhademaputo.co.mz/	
Portal Moz News	https://portalmoznews.com/	
Stop	https://stop.co.mz/	
Canal de Mocambique	https://staging.canal.co.mz/	
Desafio	https://jornaldesafio.co.mz/	
Jornal Txopela	https://jornaltxopela.com/	
Zitamar News	https://zitamar.com/	
Domingo‎	https://www.jornaldomingo.co.mz/	
Televisao de Mozambique (TVM)	https://www.tvm.co.mz/	
Portal do Governo	https://www.portaldogoverno.gov.mz/	
