Namibian	https://www.namibian.com.na/	Leading daily newspaper published in English and Ovambo.
New Era	https://neweralive.na/	Daily newspaper published in English and indigenous Namibian-languages. The newspaper owned by the Government of the Republic of Namibia.
Allgemeine Zeitung (AZ)	https://www.az.com.na/	One of a few German-language newspapers published in Windhoek, Namibia. Founded in 1916 Allgemeine Zeitung is the oldest Namibian newspaper.
Die Republikein	https://www.republikein.com.na/	Daily Afrikaans-language newspaper published in Namibia.
Namibia Economist	https://economist.com.na/	Weekly business newspaper published in Namibia and featuring news and analysis on business, travel, lifestyles, sports, and more.
Namibian Sun	https://www.namibiansun.com/	Namibian weekly newspaper in English-language.
Informanté	https://informante.web.na/	Newspaper based in Windhoek, Namibia.
Windhoek Observer	https://www.observer24.com.na/	Weekly newspaper published in Namibia by Windhoek Observer (Pty) Ltd.
Caprivi Vision	https://www.caprivivision.com/	Namibian community newspaper published in English and Lozi languages.
Namib Times	https://www.namibtimes.net/	
Villager	http://www.thevillager.com.na/	
Namibia Press Agency (NAMPA)	https://www.nampa.org/	National news agency of Namibia. NAMPA provides local and international news as well as regional news from Caprivi, Kavango, Kunene, Omusati, Ohangwena, Oshana, Oshikoto, Omaheke. Otjozondjupa, Erongo, Khomas, Hardap, and Karas regions.
Namibian Broadcasting Corporation (NBC)	https://www.nbc.na/	
Kanaal 7	https://k7.com.na/	
Radiowave	https://www.radiowave.com.na/	
Namibia News Digest	https://www.namibianewsdigest.com/	
99FM	https://99fm.com.na/	
Kundana	https://kundana.com.na/	
Google News - Namibia	https://news.google.com/home?hl=en-NA&gl=NA&ceid=NA:en	
