Vanguard	https://www.vanguardngr.com/	Leading daily newspaper in Nigeria.
Punch	https://punchng.com/	It is one of the most widely circulated Nigerian newspapers.
Nation	https://thenationonlineng.net/	Nigerian newspaper published by Vintage Press Limited.
Guardian	https://guardian.ng/	The newspaper published by the Guardian newspapers limited.
Trust	https://dailytrust.com/	Daily newspaper based in Abuja with national circulation in Nigeria.
ThisDay	https://www.thisdaylive.com/	Daily broadsheet newspaper published from Lagos and Abuja.
Sun	https://www.sunnewsonline.com/	Nigerian newspaper published by the Sun Publishing Limited.
Nigerian Tribune	https://tribuneonlineng.com/	English-language newspaper based in Ibadan, Nigeria.
Leadership	https://leadership.ng/	Daily newspaper published in Nigeria's capital Abuja.
Complete Sports	https://www.completesports.com/	Nigeria’s daily sports newspaper by Complete Communications.
Business Day	https://businessday.ng/	Daily business newspaper in Nigeria, headquarters in Lagos, Nigeria.
Daily Times	https://dailytimesng.com/	The Daily Times was first printed as The Nigerian Daily Times in 1926. The newspaper currently published by Folio Communications.
The Tide	https://www.thetidenewsonline.com/	Port Harcourt based newspaper published by Rivers State Newspaper Corporation.
Osun Defender	https://www.osundefender.com/	Tabloid format newspaper based in Osogbo, Osun State of south-western Nigeria.
Nigerian Observer	http://nigerianobservernews.com/	Benin City based English-language newspaper.
National Accord	https://www.nationalaccordnewspaper.com/	
National Network	https://www.nationalnetworkonline.com/	Newspaper published in Port Harcourt, Nigeria. The newspaper published by Network Printing and Publishing Company.
Premium Times	https://www.premiumtimesng.com/	
Independent	https://independent.ng/	Daily newspaper based in Lagos.
New Telegraph	https://www.newtelegraphng.com/	
National Daily	https://nationaldailyng.com/	
Nigeria CommunicationsWeek	https://www.nigeriacommunicationsweek.com.ng/	
Blueprint	https://www.blueprint.ng/	
The Point	https://www.thepointng.com/	
Champion Newspapers	https://championnews.com.ng/	
Fresh Angle	https://freshangleng.com/	
Royal Times of Nigeria	https://royaltimes.net/	
Abuja Inquirer	https://theabujainquirer.com/	
Thinkers	https://www.thinkersnewsng.com/	
Daily Post	https://dailypost.ng/	Nigerian online newspaper covering business, jobs, education, politics, sports, and more.
Sahara Reporters	https://saharareporters.com/	Online community of international reporters and social advocates.
Politics Nigeria	https://politicsnigeria.com/	
Legit.ng	https://www.legit.ng/	
Channels Television	https://www.channelstv.com/	Nigeria's major news and media TV channel.
TheCable	https://www.thecable.ng/	Online newspaper in Nigeria.
Naija News	https://www.naijanews.com/	
Nigerian Gists	https://www.gistmania.com/latest	
TheNigerianVoice.com	https://www.thenigerianvoice.com/	
Eagle Online	https://theeagleonline.com.ng/	Nigerian news site covering latest on politics, business, sports, national news and more.
All Nigeria Soccer	https://www.allnigeriasoccer.com/	 Nigerian football (soccer) portal based in Lagos.
YNaija	https://ynaija.com/	
Naija Loaded News	https://www.naijaloaded.com.ng/news	
Voice of Nigeria	https://von.gov.ng/	
TheCitizen	https://thecitizenng.com/	
247ureports.com	https://247ureports.com/	
Galaxy TV	https://www.galaxytvonline.com/	
Business News	http://businessnews.com.ng/	
Pulse	https://www.pulse.ng/	
Tori	https://www.tori.ng/	
‎Daily Nigerian	https://dailynigerian.com/	
Ripples Nigeria	https://www.ripplesnigeria.com/	
Nigerian Bulletin	https://nigerianbulletin.com/	
Daily Advent Nigeria	https://www.dailyadvent.com/	
‎Nigeria World	https://nigeriaworld.com/	
Nigerian Eye	https://www.nigerianeye.com/	
Okay.ng	https://www.okay.ng/	
Hallmark News	https://hallmarknews.com/	
Linda Ikeji's Blog	https://www.lindaikejisblog.com/	
ionigeria.com	https://ionigeria.com/	
Freedom Radio	https://freedomradionig.com/	
Federal Radio Corporation of Nigeria (FRCN)	https://radionigeria.gov.ng/	
hynaija.com	https://www.hynaija.com/	
Nigerian Watch	https://www.nigerianwatch.com/	UK Nigerian community newspaper.
THEWILL	https://thewillnigeria.com/news/	Online news service based in California, USA.
News Agency of Nigeria (NAN)	https://www.nannews.ng/	News Agency of Nigeria was founded in 1976 by the Nigerian Government. It is the leading news content provider for Nigerian newspapers.
Google News - Nigeria	https://news.google.com/home?hl=en-NG&gl=NG&ceid=NG:en	
