New Times	https://www.newtimes.co.rw/	English-language newspaper published in Kigali, Rwanda. The newspaper was founded in 1995.
Umuryango‎	https://umuryango.rw/eng/	
Inya Rwanda	https://inyarwanda.com/	
Umuseke‎	https://umuseke.rw/	
‎IGIHE	https://igihe.com/	
Kigali Today	https://www.kigalitoday.com/	
KT Press	https://www.ktpress.rw/	
‎Hose	https://hose.rw/	
Imvaho Nshya	https://imvahonshya.co.rw/	
Rwanda Broadcasting Agency	https://www.rba.co.rw/	
Rwandan	https://www.therwandan.com/	
Intyoza	https://www.intyoza.com/	
Rwanda News Agency (RNA)	https://www.rnanews.com/	
Rugali	https://rugali.com/	
‎Rwanda Today	https://rwandatoday.africa/	
Rwandaises	https://rwandaises.com/	
Radio Maria	https://www.radiomaria.rw/	
‎Musabyimana	https://www.musabyimana.net/	
‎Jambo News	https://www.jambonews.net/en/	
‎Le Rwandais	https://www.lerwandais.com/	
Rwanda Government	https://www.gov.rw/	
BBC News - Rwanda country profile	https://www.bbc.com/news/world-africa-14093238	Featuring latest on politics, history, economy, weather, and more.
