 Jornal Transparencia	http://www.jornaltransparencia.st/	
Tela Non	https://www.telanon.info/	
‎ STP Digital	https://stpdigital.net/	
Jornal Tropical‎	http://www.jornaltropical.st/	
Wikipedia - São Tomé and Príncipe	https://en.wikipedia.org/wiki/São_Tomé_and_Príncipe	Providing information on politics, history, religion, demographics, population, foreign relations, economy, environment, geography, culture, government, and human rights.
BBC News - Sao Tome and Principe	https://www.bbc.com/news/world-africa-14093670	Featuring latest news, politics, history, economy, population, facts, and weather.
Jeune Afrique	https://www.jeuneafrique.com/pays/sao-tome-et-principe/	
