Le Quotidien	https://lequotidien.sn/	A leading broadsheet daily newspaper, headquarters in Dakar, Senegal. The newspaper was founded in 2003 and owned by Avenir Communications SA.
Enquete Plus	https://www.enqueteplus.com/	
Sene Web	https://www.seneweb.com/	
‎Senego	https://senego.com/	
Dakaractu‎	https://www.dakaractu.com/	
Galsen 221‎	https://galsen221.com/	
Le Ral‎	https://www.leral.net/	
Agence de Presse Senegalaise	https://www.aps.sn/	
Wal Fadjri L'Aurore	http://www.walf-groupe.com/	Senegal's major daily newspaper.
Senegal 7	https://senegal7.com/	
Metro Dakar	https://www.metrodakar.net/	
Buzz Senegal	https://www.buzzsenegal.com/	
Sene News	https://www.senenews.com/	
Dakar Buzz	https://www.dakarbuzz.net/	
IGFM	https://www.igfm.sn/	
‎WIW Sport	https://wiwsport.com/	
Dakar Matin	https://www.dakarmatin.com/	
‎Xalimasn.com	https://www.xalimasn.com/	
Rewmi.com	https://www.rewmi.com/	
Press Afrik‎	https://www.pressafrik.com/	
Ndarinfo.com‎	https://www.ndarinfo.com/	
Sene Plus‎	https://www.seneplus.com/	
Samarew	https://samarew.com/	
Senegal Direct	https://senegaldirect.com/	
Xibar	https://www.xibar.net/	
Le Soleil	https://lesoleil.sn/	One of the most widely circulated French-language newspapers published in Dakar, Senegal. The newspaper was founded in 1970.
Radiodiffusion Television Senegalaise (RTS)	https://www.rts.sn/	
Planete-Senegal.com	https://www.planete-senegal.com/	
‎Actu Sen	https://actusen.sn/	
Lejecos‎	https://www.lejecos.com/	
Sene Direct‎	https://www.senedirect.tv/	
VIP Peoples	https://www.vipeoples.net/	
La Vie Senegalaise	https://laviesenegalaise.com/	
Social Net Link	https://www.socialnetlink.org/	
‎koldanews.com	https://www.koldanews.com/	
‎Setal	https://www.setal.net/	
Dakar Midi	https://www.dakarmidi.net/	
Sen Xibar	https://www.senxibar.com/	
Bon Jour Dakar	https://www.bonjourdakar.com/	
Kewoulo‎	https://kewoulo.info/	
Teranga News	https://teranganews.sn/	
