Seychelles Nation	https://www.nation.sc/	English-language daily newspaper published in Seychelles. The newspaper featuring sports, history, tourism, economy, business, entertainment, and politics.
People	http://www.thepeople.sc/	Weekly newspaper published in Seychelles. The newspaper covering economy, sports, politics, employment, and more.
SBC TV	https://sbc.sc/	
Seychelles | Four Seasons Magazine	https://www.fourseasons.com/magazine/	
The Seychelles Islands	https://seychelles.com/home	
seychellesweekly.com	http://www.seychellesweekly.com/	
Today in Seychelles	https://www.todayinseychelles.com/	
Jeune Afrique	https://www.jeuneafrique.com/pays/seychelles/	
Wikipedia - Seychelles	https://en.wikipedia.org/wiki/Seychelles	Information on politics, sports, history, weather, culture, and more.
ReliefWeb » Seychelles	https://reliefweb.int/country/syc	Featuring agriculture, education, health, sports, and business.
BBC News - Country profile: Seychelles 	https://www.bbc.com/news/world-africa-14093816	Featuring politics, economy, weather, and more.
