Sierra Leone Telegraph	https://www.thesierraleonetelegraph.com/	
Sierra Express Media	https://sierraexpressmedia.com/	
Concord Times‎	https://slconcordtimes.com/	
Politico	https://www.politicosl.com/	
Global Times	https://globaltimes-sl.com/	
Cocorioko	https://cocorioko.net/	
Awoko	https://awokonewspaper.com/	Leading newspaper published in Sierra Leone. The newspaper includes in-depth articles about politics, economy, education, sports, jobs, weather, and classifieds.
Radio Democracy	https://radiodemocracy.sl/	
Swit Salone	https://www.switsalone.com/	
‎Statehouse	https://statehouse.gov.sl/	
AYV News	https://www.ayvnewspaper.com/	
Organiser	https://theorganiser.net/	
Salone Post‎	https://salonepost.com/	
Sierra Leone	http://www.sierra-leone.info/	
Patriotic Vanguard	https://www.thepatrioticvanguard.com/	
Sierra Leone Press	https://www.sierraleonepress.com/	
Sierra Leone Live	https://sierraleonelive.com/	
Critique Echo Newspaper	https://www.critiqueecho.com/	
‎Calabash	https://thecalabashnewspaper.com/	
De Mirror	http://www.demirrornewspaper.com/	
Night Watch‎	https://nightwatchsl.com/	
