Hiiraan Online	https://www.hiiraan.com/	Somalia's news and information portal.
Simba news	https://www.simbanews.net/	
Caasimada	https://www.caasimada.net/	
Jowhar‎	https://www.jowhar.com/	
All Banaadir‎	https://www.allbanaadir.org/	
Borama News	https://boramanews.com/	
Goobjoog News‎	https://goobjoog.com/	
Garowe Online	https://www.garoweonline.com/	
Wardheer News	https://wardheernews.com/	
Warqaad	https://www.warqaad.info/	
Somaliland Today	https://somalilandtoday.com/	
Dayniiil	https://www.dayniiile.com/	
Waaga Cusub Media	https://waagacusub.com/	
Puntland Post	https://puntlandpost.net/	
Horseed Media	https://horseedmedia.net/	
Somali Broadcasting Corporation (SBC)	https://allsbc.com/	
Radio Mogadishu	https://radiomuqdisho.so/	
