Daily Sun	https://www.snl24.com/dailysun	Daily Sun is one of the most widely circulated South Africa newspapers.
Citizen	https://www.citizen.co.za/	Tabloid format English-language daily owned by Caxton and CTP Publishers and Printers Limited.
Times	https://www.timeslive.co.za/	South African top selling weekly newspaper owned by Avusa. The newspaper owned by 1906 and published on Sunday's.
Business Day	https://www.businesslive.co.za/	Business newspaper based in Johannesburg, South Africa.
City Press	https://www.news24.com/citypress	South African newspaper also distributed in Botswana, Lesotho, Namibia, and Swaziland.
Witness	https://www.citizen.co.za/witness/	Daily newspaper published in Pietermaritzburg, SA. Founded in 1846 the Witness is one of the oldest newspapers in South Africa.
Daily News	https://www.iol.co.za/dailynews	Daily English-language afternoon newspaper published in Durban, South Africa.
Cape Times	https://www.iol.co.za/capetimes	Daily English-language newspaper published in South Africa. The newspaper was established in 1876 and owned by the Independent News and Media.
Post	https://www.iol.co.za/thepost	English-language news & information on politics, business, sports, and more.
Sowetan	https://www.sowetanlive.co.za/	Daily newspaper was founded in 1981 and serving Soweto, Johannesburg, Gauteng Province.
Die Burger	https://www.netwerk24.com/dieburger	Afrikaans language daily broadsheet newspaper was founded in 1914.
Mail & Guardian	https://mg.co.za/	Weekly newspaper published in Johannesburg, SA. The newspaper was founded in 1985 and owned by M&G Media.
Independent on Saturday	https://www.iol.co.za/ios	Newspaper published by Independent News & Media. The newspaper serving Durban, SA.
Mercury	https://www.iol.co.za/mercury	South African English language newspaper published in Durban, South Africa. The Mercury owned by Independent News and Media.
Star	https://www.iol.co.za/the-star	Daily newspaper published in Gauteng, South Africa. The newspaper covering business, politics, jobs, entertainment, travel, sports (cricket, golf, soccer, tennis, etc), and more.
Cape Argus	https://www.iol.co.za/capeargus	Daily newspaper based in Cape Town, South Africa. The newspaper owned by Independent News & Media in Cape Town, South Africa.
Isolezwe	https://www.isolezwe.co.za/	Daily Zulu-language newspaper published in Durban, South Africa.
Herald	https://www.heraldlive.co.za/	
Die Son	https://www.son.co.za/	Tabloid style newspaper published in Afrikaans-language.
Dispatch	https://www.dispatchlive.co.za/	
Alberton Record	https://albertonrecord.co.za/	A local newspaper of Alberton.
Grocott's Mail	https://www.grocotts.co.za/	
Bedfordview Edenvale News	https://bedfordviewedenvalenews.co.za/	
Soccer Laduma	https://www.snl24.com/soccerladuma	
Daily Voice	https://www.dailyvoice.co.za/	
Lowvelder‎	https://lowvelder.co.za/	
George Herald	https://www.georgeherald.com/	
Pretoria East Rekord	https://rekord.co.za/	
Vaal Weekblad‎	https://vaalweekblad.com/	
Polokwane Review	https://reviewonline.co.za/	
South Coast Herald‎	https://southcoastherald.co.za/	
Berea Mail	https://bereamail.co.za/	
South Coast Sun	https://southcoastsun.co.za/	
Zululand Observer	https://zululandobserver.co.za/	
Potchefstroom Herald	https://potchefstroomherald.co.za/	
‎Krugersdorp News	https://krugersdorpnews.co.za/	
Chatsworth Rising Sun	https://risingsunchatsworth.co.za/	
African Reporter‎	https://africanreporter.co.za/	
Jewish Report	https://www.sajr.co.za/	South Africa's one of a few Jewish newspapers.
Cape Business News	https://www.cbn.co.za/	
Sedibeng Ster	https://sedibengster.com/	Free newspaper serving the communities of Vaal Triangle.
Alex News	https://alexnews.co.za/	
Mayihlome News	http://mayihlomenews.co.za/	
Letaba Herald	https://letabaherald.co.za/	
Independent Online (IOL)	https://www.iol.co.za/	News and information website based in South Africa.
Eyewitness News	https://ewn.co.za/	
eNCA	https://www.enca.com/	
Briefly‎	https://briefly.co.za/	
South African	https://www.thesouthafrican.com/	
Maroela Media	https://maroelamedia.co.za/	
Maverick	https://www.dailymaverick.co.za/	
ITWeb	https://www.itweb.co.za/	
702	http://www.702.co.za/	
Cape Talk	https://www.capetalk.co.za/	
‎Algoa FM	https://www.algoafm.co.za/	
South Africa Today	https://southafricatoday.net/	
Share Net	https://www.sharenet.co.za/	
SABC News	https://www.sabcnews.com/sabcnews/	
Engineering News	https://www.engineeringnews.co.za/	
Politics Web	https://www.politicsweb.co.za/	
Polity‎	https://www.polity.org.za/	
OFM	https://www.ofm.co.za/	
Kempton Express	https://kemptonexpress.co.za/	
‎Gremlin	https://www.thegremlin.co.za/	
Tech Central	https://techcentral.co.za/	
iafrica.com	https://iafrica.com/	One of South Africa's leading news and information site.
Indianspice	https://www.indianspice.co.za/	Indian lifestyle news source in South Africa.
South Africa: The Good News	https://www.sagoodnews.co.za/	
Zoutnet	https://www.zoutnet.co.za/	
Announcer	https://theannouncer.co.za/	
Google news South Africa	https://news.google.com/home?hl=en-ZA&gl=ZA&ceid=ZA:en	
Wits Vuvuzela	https://witsvuvuzela.com/	
SA News	https://www.sanews.gov.za/	
