New Sudan Vision	https://www.newsudanvision.com/	An independent news website.
South Sudan News Agency (SSNA)	https://www.southsudannewsagency.org/	For news and information on politics, business, current issues and more.
Radio Tamazuj	https://radiotamazuj.org/en	
Sudan Tribune	https://sudantribune.com/	
Hot in Juba	https://hotinjuba.com/	
South Sudan Liberty News	https://www.southsudanliberty.com/news/	
South Sudan News Now	https://ssnewsnow.com/	
Talk of Juba	https://www.talkofjuba.com/	
‎Pachodo	https://pachodo.org/	
BBC News- South Sudan	https://www.bbc.com/news/world-africa-14069082	
