Al-Rayaam	https://sudaneseonline.com/	One of the most widely circulated Sudanese newspapers. Founded in 1945 Al-Rayaam is an independent Arabic-language newspaper. Al-Rayaam's headquarter in Khartoum, Sudan.
Alnilin	https://www.alnilin.com/	
Alintibaha	https://alintibaha.net/	
Sudan Akhbar	https://www.sudanakhbar.com/	
Baj News	https://bajnews.net/	
Rakoba News‎	https://rakobanews.com/	
Cover‎	https://www.cover-sd.com/	
Alhadag	https://alhadag.com/	
‎Sudaress	https://www.sudaress.com/	
Al Ahdath‎	https://alahdathnews.com/	
Al Rakoba	https://www.alrakoba.net/	
Sudanile	https://sudanile.com/	
Al Bawaba	https://www.albawaba.com/	
Sudan Tribune	https://sudantribune.com/	Sudanese news portal based in France
Sudan News Agency (Suna)	https://suna-sd.net/en	
Radio Dabanga	https://www.dabangasudan.org/en	Providing news and information from Darfur, Sudan.
Al Taghyeer	https://www.altaghyeer.info/ar/	
Arabic Media‎	https://arabic-media.com/	
Assayha	https://www.assayha.net/	
Al Hamish Voice	https://www.alhamish.com/	
‎Sudan JEM	https://sudanjem.com/	
Al Sudani	https://www.alsudaninews.com/	
Middle East Economic Digest - Sudan	https://www.meed.com/countries/sudan/	Featuring news and analysis, tenders, contracts awarded and economic information.
Radio Tamazuj	https://radiotamazuj.org/en	
