Citizen	https://www.thecitizen.co.tz/	Leading Tanzanian newspaper published by Mwananchi Communications Ltd (MCL).
Daily News	https://dailynews.co.tz/	English-language newspaper published in Tanzania owned by the Tanzanian government.
Habari Leo	https://habarileo.co.tz/	Tanzanian newspaper published by Daily News Media Group.
Mwanaspoti	https://www.mwanaspoti.co.tz/	Entertainment and sports newspaper based in Dar es Salaam, Tanzania.
Bongo 5‎	https://bongo5.com/	
Global Publishers	https://globalpublishers.co.tz/	
Dar 24	http://dar24.com/	
MwanaHALISI Online	https://mwanahalisionline.com/	
Jamhuri‎	https://www.jamhurimedia.co.tz/	
Zanzi News	http://www.zanzinews.com/	
Guardian	https://www.guardian.co.tz/	
Tanzania Broadcasting Corporation (TBC)	https://tbc.go.tz/	
Independent Television (ITV)	https://www.itv.co.tz/	
Star TV	https://startv.co.tz/	
Business Times	http://businesstimes.co.tz/	
IPP Media	https://www.ippmedia.com/en	Tanzanian leading Media conglomerates.
