Le Temps Togo	https://letempstg.com/	
‎IciLome.com	https://www.icilome.com/	
Togo Tribune	https://togotribune.com/	
‎Togo Breaking News	https://togobreakingnews.info/	
‎Togo First	https://www.togofirst.com/en	
Togo Web‎	https://togoweb.net/	
Au Togo	https://autogo.tg/	
‎27 Avril	https://www.27avril.com/	
Togo Presse	https://togopresse.tg/	
Afree Press	https://afreepress.info/	
‎Togo Actualite	https://www.togoactualite.com/	
Savoir News	https://www.savoirnews.tg/	
Togo Media 24	https://togomedia24.com/	
La Voix de la Nation	https://lavoixdelanation.info/	
Togo Times‎	https://togotimes.info/	
Togo Reveil	https://togoreveil.com/	
Lome Infos	https://www.lomeinfos.com/	
‎Togo Online	https://togo-online.net/	
Togo En Live	https://togoenlive.info/	
UFC Togo	http://www.ufctogo.com/	
La Nouvelle Tribune	https://lanouvelletribune.net/	
Togo Actualites	https://togo-actualites.com/	
Togo 24	https://togo24.net/	
L'Independant Express	https://www.independantexpress.net/	
‎Liberte Togo	https://libertetogo.info/	
228 Actu	https://www.228actu.com/	
letogolais.com - online news	http://www.letogolais.com/	
Republic of Togo (République Togolaise)	https://www.republicoftogo.com/	
BBC News - Country profile: Togo	https://www.bbc.com/news/world-africa-14106781	Featuring history, economy, population, facts, weather, and more.
