La Presse Tunisie	https://lapresse.tn/	Tunisian newspaper published in French-language. The newspaper based in Tunis, Tunisia.
Agence Tunis Afrique Presse	https://www.tap.info.tn/	
Babnet Tunisie‎	https://www.babnet.net/	
Tuniscope	https://www.tuniscope.com/ar/	
‎Kapitalis	https://kapitalis.com/	
Business News	https://www.businessnews.com.tn/	
Tunisie Numerique‎	https://www.tunisienumerique.com/	
Arrakmia‎	https://ar.tunisienumerique.com/	
Assabah News	https://www.assabahnews.tn/ar/	
Realites	https://www.realites.com.tn/	
Al Chourouk	https://www.alchourouk.com/	
Le Maghreb	https://ar.lemaghreb.tn/	
Tunisie Focus	https://www.tunisiefocus.com/	
L'Economiste	https://www.leconomistemaghrebin.com/	
Webdo.tn	https://www.webdo.tn/fr	
Direct Info‎	https://directinfo.webmanagercenter.com/	
Web Manager Center	https://www.webmanagercenter.com/	
Essada	https://essada.net/	
African Manager	https://africanmanager.com/	
Assarih	https://www.assarih.com/	
Tunisie.co‎	https://tunisie.co/	
Tunisie 14	https://tunisie14.tn/	
Tunis Daily News	http://www.tdailynews.net/	
Nessma TV	https://www.nessma.tv/ar	
Al-Watania	http://www.watania1.tn/	
Jnaliste Sfaxien	https://journalistesfaxien.tn/	
Turess‎	https://www.turess.com/	
‎Kawarji	https://www.kawarji.com/	
Leaders.com.tn‎	https://www.leaders.com.tn/	
Espace Manager	https://www.espacemanager.com/	
Tekiano	http://www.tekiano.com/	
Nawaat	https://nawaat.org/	
Tunisien	http://www.tunisien.tn/	
Tunisie Telegraph	https://tunisie-telegraph.com/	
Marhba.com‎	https://www.marhba.com/	
El Hiwar Ettounsi TV	https://www.elhiwarettounsi.com/ar/	
Tunisian Radio	http://www.radiotunisienne.tn/	
Mosaique FM	https://www.mosaiquefm.net/ar/	
