New Vision	https://www.newvision.co.ug/	One of the most widely read English-language newspapers in Uganda.
Monitor	https://www.monitor.co.ug/	Independent daily newspaper published in Kampala, Uganda.
Weekly Observer	https://www.observer.ug/	Uganda's weekly newspaper published twice a week (Monday and Thursday).
Red Pepper	https://redpepper.co.ug/	Uganda's leading tabloid format newspaper.
Bukedde	https://www.bukedde.co.ug/	Luganda based daily newspaper.
Independent	https://www.independent.co.ug/	
Chimp Reports‎	https://chimpreports.com/	
Nile Post‎	https://nilepost.co.ug/	
Soft Power	https://softpower.ug/	
Howwe	https://www.howwe.ug/	
PML Daily	https://www.pmldaily.com/	
Big Eye	https://bigeye.ug/	
‎Scoop	https://www.sqoop.co.ug/	
Watchdog News	https://www.watchdoguganda.com/	
Newslex Point	https://newslexpoint.com/	
Ugandan Diaspora	http://www.ugandandiasporanews.com/	
Eagle	https://eagle.co.ug/	
Grapevine	https://www.thegrapevine.co.ug/	
Uganda Online	https://www.ugandaonline.net/	
Sunrise	https://sunrise.ug/	
Uganda Business News	https://ugbusiness.com/	
Proggie.ug	https://proggie.ug/	
256 Business News	https://www.256businessnews.com/	
Uganda Media Centre	https://www.mediacentre.go.ug/	
IInvestigator	https://theinvestigatornews.com/	
East African Business Week	https://www.busiweek.com/	
‎Flash Uganda Media	https://flashugnews.com/	
