Sahara Press Service	https://www.spsrasd.info/	Featuring local, national, and world news as well as sports, politics, business, and opinion.,
RASD TV	https://rasd.tv/	
Sahara Online‎	http://www.sahara-online.net/	
Saharawi	https://www.saharawi.net/	
porunsaharalibre.org	https://porunsaharalibre.org/	
‎Western Sahara Resource Watch	https://wsrw.org/en	
CEAS Sahara	https://ceas-sahara.es/	
Corcas‎	http://www.corcas.com/	
Bentili	https://www.bentili.com/	
Sahara Occidental Western Sahara	https://saharaoccidental.blogspot.com/	
Wikipedia - Western Sahara	https://en.wikipedia.org/wiki/Western_Sahara	Information on politics, history, religion, demographics, weather, population, foreign relations, economy, environment, geography, culture, government, and human rights.
BBC News - Country profile: Western Sahara 	https://www.bbc.com/news/world-africa-14115273	Providing news, politics, history, economy, population, facts, weather, and more.
Relief Web - Western Sahara	https://reliefweb.int/country/esh	
