Lusaka Times (LT)	https://www.lusakatimes.com/	Current news and analysis on Zambia.
Times of Zambia	http://www.times.co.zm/	Leading English-language newspaper published in Ndola, Zambia.
Zambia Daily Mail	http://www.daily-mail.co.zm/	Major newspaper published in Zambia. The newspaper owned by the Zambian government.
News Diggers	https://diggers.news/	
‎Zambian Eye	https://zambianeye.com/	
Mwebantu News	https://www.mwebantu.com/	
Zambian Observer	https://zambianobserver.com/	
‎Zambian Football	https://zambianfootball.co.zm/	
Daily Nation	https://dailynationzambia.com/	
Zambia Online	https://zambia.co.zm/	
Lusaka Star‎	https://lusakastar.com/	
Zed Gossip‎	https://zedgossip.net/	
‎Independent Observer	https://tiozambia.com/	
Lusaka Voice	https://www.lusakavoice.com/	
Zambia News 365	https://zambianews365.com/	
Zambia Invest	https://www.zambiainvest.com/	
‎Open Zambia	https://www.openzambia.com/	
Globe Online	https://theglobeonline.news/	
Zambian Politics‎	https://www.zambianpolitics.com/	
Muvi Television	https://www.muvitv.com/	
The Lowdown magazine	http://www.lowdownzambia.com/	Zambia's Online magazine.
