Herald	https://www.herald.co.zw/	Leading daily newspaper in Zimbabwe.
NewsDay	https://www.newsday.co.zw/	Independent English-language newspaper published since 2003.
Daily News	https://dailynews.co.zw/	
Financial Gazette	https://fingaz.co.zw/	Zimbabwean weekly newspaper published in Harare.
Sunday Mail	https://www.sundaymail.co.zw/	
Kwayedzad	https://www.kwayedza.co.zw/	Weekly Shona newspaper.
Sunday news	https://www.sundaynews.co.zw/	
Zimbabwean	https://www.thezimbabwean.co/	
B-Metro	https://www.bmetro.co.zw/	
Standard	https://www.thestandard.co.zw/	
Masvingo Mirror	https://masvingomirror.com/	
Chronicle	https://www.chronicle.co.zw/	
H Metro‎	https://www.hmetro.co.zw/	
New Zimbabwe	https://www.newzimbabwe.com/	
Patriot	https://www.thepatriot.co.zw/	
Manica Post	https://www.manicapost.co.zw/	
Tell Zim	https://tellzim.com/	
Business Daily	http://www.businessdaily.co.zw/	
iHarare	https://iharare.com/	
My Zimbabw	https://www.myzimbabwe.co.zw/	
Zimbabwe Situation	https://www.zimbabwesituation.com/	
TheZimbabweNewsLive	https://www.thezimbabwenewslive.com/	
Zim Eye	https://www.zimeye.net/	
Bulawayo24	https://bulawayo24.com/	Zimbabwe's leading news site providing latest local and international news stories.
Zimbabwe Mail	https://www.thezimbabwemail.com/	
Nehanda Radio	https://nehandaradio.com/	
Mbare Tim	https://mbaretimes.com/	
Zimbabwe Star	https://www.zimbabwestar.com/	
ZBC News	https://zbcnews.co.zw/	
Voice of the People	http://www.radiovop.com/	
Harare Post	https://www.hararepost.co.zw/en/	
Business Weekly	https://www.businessweekly.co.zw/	
Sun	https://thesunnews.co.zw/	
Insider‎ 	https://insiderzim.com/	
Zim News	https://zwnews.com/	
Sport Brief	http://sportbrief.co.zw/	
